variant_id,gene,consequence,impact,polyphen,af,clinical_significance
rs1001,BRCA1,missense_variant,MODERATE,0.98,0.00005,Pathogenic
rs1002,BRCA1,missense_variant,MODERATE,0.95,0.0001,Pathogenic
rs1003,BRCA1,frameshift_variant,HIGH,0.99,0.00001,Pathogenic
rs1004,BRCA1,synonymous_variant,LOW,0.02,0.02,Benign
rs1005,BRCA1,intron_variant,MODIFIER,0.01,0.03,Benign
rs2001,BRCA2,missense_variant,MODERATE,0.92,0.0002,Likely_pathogenic
rs2002,BRCA2,missense_variant,MODERATE,0.90,0.0003,Likely_pathogenic
rs2003,BRCA2,synonymous_variant,LOW,0.05,0.015,Benign
rs2004,BRCA2,intron_variant,MODIFIER,0.01,0.04,Benign
rs3001,CFTR,missense_variant,MODERATE,0.97,0.00008,Pathogenic
rs3002,CFTR,missense_variant,MODERATE,0.96,0.0002,Pathogenic
rs3003,CFTR,stop_gained,HIGH,0.99,0.00001,Pathogenic
rs3004,CFTR,synonymous_variant,LOW,0.03,0.01,Benign
rs3005,CFTR,intron_variant,MODIFIER,0.02,0.05,Likely_benign
rs4001,LDLR,missense_variant,MODERATE,0.93,0.0003,Likely_pathogenic
rs4002,LDLR,missense_variant,MODERATE,0.91,0.0004,Likely_pathogenic
rs4003,LDLR,splice_region_variant,HIGH,0.98,0.00005,Pathogenic
rs4004,LDLR,intron_variant,MODIFIER,0.01,0.02,Benign
rs5001,TP53,missense_variant,MODERATE,0.99,0.00002,Pathogenic
rs5002,TP53,missense_variant,MODERATE,0.97,0.00003,Pathogenic
rs5003,TP53,stop_gained,HIGH,0.99,0.000005,Pathogenic
rs5004,TP53,synonymous_variant,LOW,0.04,0.01,Benign
rs6001,GENE1,missense_variant,MODERATE,0.60,0.005,VUS
rs6002,GENE2,inframe_deletion,MODERATE,0.75,0.001,VUS
rs6003,GENE3,missense_variant,MODERATE,0.40,0.02,VUS

